geometria,azimute,veneziana,componente,absortancia,vidro,open_fac,sombreamento,paf
0.9710850352052139,0.6684950329372561,0.8500072967083558,0.2817000779045254,0.315772216193059,0.40008486797795095,0.19732467638574047,0.48314471115250185,0.1721484033112166
0.26282355128527435,0.24572308368586038,0.39327209481123865,0.9546316149825275,0.6226641042895055,0.6048347499796463,0.22360924565286777,0.4747557909778756,0.26668959041109686
0.7295018072132022,0.39154352207044585,0.8633641653216172,0.10678249735622188,0.27404153416208926,0.002414729810981084,0.011488858590147848,0.4075244240950868,0.9448844620505749
0.46246060894969077,0.9497551728268354,0.42015239459971077,0.6282982539689648,0.7260788072041551,0.60744909007076,0.9059982788601636,0.3188282721829839,0.23777054824477453
0.11576710795252966,0.9810057724752752,0.16618569856774537,0.007382139056384824,0.6896190607424351,0.9095417838247205,0.38207669756568335,0.19716412153423288,0.09201033479113559
0.0069856919767034825,0.4537126273597864,0.17197885350538497,0.1481145536454422,0.34887603623306207,0.0992603866784155,0.3075251125667625,0.7346106948164979,0.0621628324855274
0.7721496117326507,0.08007529106458218,0.4011222726493461,0.5887231170074845,0.8822227882865623,0.044589807515219605,0.37152053840740507,0.9080317357966676,0.329342267711373
0.3277485494423077,0.8055093381499795,0.7159089600322341,0.746747808783603,0.9135234719310494,0.11953776768178251,0.6564633956798155,0.9726830987826373,0.7161295085799136
0.31807160703111376,0.2921584870729962,0.07443499120424749,0.7954272897736598,0.40002781797546705,0.7724200561434129,0.7550088922217785,0.09345687774953491,0.9196847625384473
0.8642064022404283,0.05591104304702334,0.3087467191580927,0.3435196329365852,0.41676427775602043,0.7901554170707995,0.26232303980680266,0.7373859555034026,0.6074629054447584
0.3370048434157531,0.9747192813148722,0.9651414877606086,0.1905854884184195,0.18727225739370196,0.23322812601713966,0.357691892135219,0.6609740781309703,0.8851329091516459
0.6299557340909587,0.34776265134207207,0.42912211312037557,0.3049728172892645,0.5798556827910494,0.28027968063825215,0.864323916730653,0.7784287500109984,0.17918603457808568
0.9586691534857875,0.20886341572835543,0.8086559369051134,0.423639665239248,0.1083301961578079,0.7438511395593187,0.5402868237175147,0.1464040023819849,0.5416775217659151
0.19123671641569867,0.04805137376323315,0.10892128937423626,0.6514128271006667,0.11578798259425968,0.353156975670841,0.42009385501433966,0.2087918207231079,0.5929135149953354
0.8850556945367315,0.800720898207688,0.5851263329859,0.639388006395483,0.041486985913739595,0.19097803241950626,0.26681279674828057,0.8392513725175933,0.2741955259166351
0.3668225275140675,0.6647061050238542,0.16235741195897596,0.21003954423773086,0.06473627259669582,0.3954450097881209,0.23959827967741934,0.7113432368706781,0.5442461852512422
0.2652427481730205,0.7418322248801085,0.8848012554180807,0.20215922544875461,0.9686426882126837,0.7018968021188762,0.11049050045607577,0.005928067258630277,0.5853217022663034
0.5785658420449528,0.5364117214695645,0.7216822944872003,0.7283491725405619,0.09058887603662873,0.26614072011352147,0.3666831095280273,0.28205969120946184,0.5741195114936326
0.7583991333086533,0.7872017809056775,0.20752292782272302,0.06147389612100455,0.3083474354783893,0.07859661218248906,0.23487878715320412,0.730409143546187,0.5582382586830343
0.777673927086705,0.8120454877007421,0.5727763275403651,0.2352032978853019,0.32186336125542253,0.26344559880689516,0.5601411500631744,0.35939649347959035,0.22570508342716467
0.23455772546992268,0.9087366273311391,0.5754192078199659,0.007133423472658927,0.02487361883825357,0.8524318820797984,0.7005410324603375,0.5141201511100192,0.361122511849163
0.8928214123986495,0.713586999742122,0.188466841169034,0.2733703507623242,0.04429243835584446,0.8777665569209223,0.14442725489283742,0.5436396408304061,0.7897827878478404
0.5526204222249573,0.7644776982615122,0.11643324322257999,0.5573912876195546,0.1832828210143657,0.30731773765980946,0.7750629705528734,0.7189603312858579,0.8095335138382896
0.9433910564799379,0.11002641130441145,0.1579887808109554,0.9239373817028539,0.404476143231614,0.8594258234947884,0.23012360142772478,0.4447024912663672,0.5919792266088558
0.3237224717838098,0.5737214118766172,0.5663803560075213,0.5218327653997443,0.6773153425557339,0.37392634542550246,0.8679098539913485,0.3413489015299085,0.8964553559236701
0.7411604813105641,0.5272493128766524,0.15218040581766673,0.2625848638842542,0.3202570549963094,0.2930844959591625,0.47715453278289816,0.4937268479492137,0.06472012928932055
0.5736003996613169,0.2609239220006411,0.43902117711402827,0.34984236344970165,0.060668719076656115,0.41711229670482125,0.7232595931753156,0.9634171683451201,0.32097202300386773
0.09387305475446821,0.7173457178545206,0.3560949832725401,0.9353385118847616,0.9159256554937454,0.4933149003193133,0.8833261832187412,0.6722952102179511,0.4227257454498595
0.5200148801769146,0.9904080299352485,0.8906793659233958,0.9792987884107325,0.22068193868717606,0.5898310020972258,0.7671525541787527,0.8332517883811059,0.7845613514803048
0.13774907813955506,0.629875356914017,0.592149365723965,0.3558754545598678,0.37907538792586787,0.2875749916367551,0.3280795214096717,0.9495392393170583,0.48182152738285916
0.5868073224286292,0.9378366619497039,0.13669966830879476,0.7735645769846213,0.7396051413627652,0.8358990733192262,0.6849125512136481,0.4780821084304201,0.3260828805044468
0.13273479835632251,0.34551102495493496,0.009148834312226635,0.48867289394501684,0.3970463813288458,0.21338314928172608,0.07332349604416476,0.8728412959572243,0.5622936069070011
0.25875134382069936,0.035825723795969634,0.9431221100002,0.9776178861686886,0.7362032555084601,0.5588283327987997,0.43066383252236845,0.4681803465956224,0.013150670872267957
0.34509930043181897,0.14516472932492053,0.4492168102671609,0.2782401940930054,0.4085447761859789,0.3451727237605118,0.2463281115075682,0.16482742976260373,0.5158327632194198
0.770373564665018,0.9235545573994123,0.08964786082060408,0.6764875076495357,0.5429691835107907,0.5301262696975934,0.6980795696412605,0.07622580226464212,0.0813108127522351
0.18178405541701115,0.6578748731121996,0.15529816285333498,0.670499390683254,0.6699967580783509,0.8297217956025975,0.020280476014749343,0.5955093153272004,0.041375228170701925
0.8087466969419748,0.6145622871676847,0.6967114768581846,0.9726223154063016,0.9034316180340899,0.9447045309715444,0.13922293758108595,0.7084129954500551,0.23277530233681254
0.15448934789243343,0.0055485247374256474,0.02471460537140461,0.43456434367324215,0.5118061914106767,0.9355053274619372,0.048330076312023386,0.783495362624682,0.4782501788965204
0.8974998290474864,0.5887158398742217,0.2546556899884659,0.6630360814114281,0.46328269510977543,0.8356306399287244,0.5384554505773658,0.8766016167111402,0.33672178169726685
0.646441496030444,0.7971328967832634,0.3174030771779281,0.825045215527689,0.8217154360880844,0.15898191319700875,0.1615596295128546,0.42183556017005225,0.36560470669970857
0.985376225365048,0.34083682688840006,0.06857429674178767,0.8731824131394976,0.015926681744066248,0.7183843163529847,0.5842326863469249,0.7696615877723078,0.6409401155600821
0.3172831780784638,0.16234009348628353,0.2164276190915081,0.9075908052002972,0.82604876639062,0.12828953963169265,0.6054547447999827,0.3638201817524332,0.5207099290423352
0.7199944452188732,0.47422404988728695,0.7965176862989639,0.9967418378120154,0.894698183171744,0.35480027439404316,0.07666748722219009,0.015925748861575353,0.04668505014618144
0.6267989228172314,0.6412429083222496,0.3596223932976987,0.10086757445432525,0.49368698216932216,0.8181252477880413,0.4115554848932186,0.12009184981712906,0.3522012795116034
0.4839059533109255,0.6824698691646964,0.867099928126937,0.4910227688115563,0.9355929856592449,0.9909108510459798,0.6283445449163366,0.5804426797681448,0.4741208753707089
0.6239050623351531,0.6634284225477329,0.05607844943168756,0.5611789138689401,0.30105141179971606,0.6421788419559453,0.29555231788058184,0.9530359467311142,0.5659678877842305
0.7805808854076677,0.3114692337231504,0.9851419359806178,0.10715741888632715,0.3262526491580788,0.25850282935554897,0.41633577831181234,0.5156056521742743,0.9639737601946609
0.848183051541442,0.45988855665954376,0.9748606236654032,0.18336257507364664,0.9459573169622094,0.9136407546661249,0.4573379688405009,0.1880044844123681,0.4595176738103267
0.06634077906247453,0.4314972103395137,0.3400584091511183,0.19975690631859006,0.8119470847996789,0.6233809584682044,0.5936743441806633,0.07325882476368013,0.321882429506934
0.8959237133883946,0.42824878921719045,0.6184924324482166,0.8296411121389013,0.03575141132197829,0.3268347538916137,0.7489712476364007,0.2572187672958095,0.8743523010833525
0.4949772102382978,0.3322222855277047,0.52991259443479,0.8059658631479151,0.565418305771396,0.3015406720209877,0.17834426507224052,0.6792814114379662,0.7464869230638771
0.4524579165648294,0.7248535947448633,0.7388096803889647,0.1612148679331533,0.16917479613070624,0.871506456812828,0.30010918971405426,0.03601027177121406,0.3102729009024997
0.5010825796593649,0.5559386237844708,0.8429039983642389,0.9165956247244517,0.4223963357904413,0.01725025515330452,0.8636363512118369,0.18501932576505958,0.862649876154165
0.14074055016569367,0.09851421604789029,0.1046117701759537,0.7084503691186975,0.6993501748880476,0.8908797086738693,0.6797189583212458,0.09205886568685866,0.14548580053416796
0.6594514757686613,0.2725647620480158,0.2477395549752867,0.03931914783900375,0.22423807823707947,0.18209305095407088,0.4507914684934836,0.6419106968393089,0.9580584567665561
0.008515127388058775,0.9286194626261575,0.37958871890673707,0.6310405917881442,0.529746132000393,0.9012976669804782,0.10174696061505432,0.18001988481506917,0.9350203471572429
0.2093722628928704,0.18382463524658074,0.08836200762311222,0.1347165063317845,0.06395583950977186,0.5503866832665605,0.4492516699641993,0.3648381198150309,0.358730565617506
0.5040548330882316,0.9585196604275895,0.2857804768497633,0.44891073089461236,0.29126969429954586,0.013015503313545299,0.25507507418478537,0.5308115269017277,0.15497612367604108
0.0507257471437653,0.8785700743824129,0.8248349580082214,0.7971322564124602,0.43878914000309277,0.3973632449823131,0.3903649604737944,0.8270541076188144,0.09689227466048955
0.02275488412768042,0.061723844325516815,0.5376815330442051,0.059186739437728994,0.48141932374740243,0.687491974049314,0.13361389586954658,0.10489874199487369,0.3434013467425526
0.7985055175235923,0.4645705263566612,0.3530660137390819,0.8985461326261143,0.5520253128060302,0.4671460348200163,0.15577605430569658,0.7493154144994714,0.11257685578948902
0.8558810528626949,0.7045650567979325,0.546908717824809,0.6352282658653091,0.19334332824539416,0.29087682231813244,0.6916779864723818,0.8536230918643949,0.134044141609019
0.6016065255693854,0.11131591265338064,0.8041870468750673,0.41066720671740153,0.08402116701137091,0.3926411701821081,0.30603295994929697,0.5393546371559962,0.42725172312214044
0.4697214182416157,0.8531439863636792,0.3065955502884168,0.6430350200700501,0.6626333923848571,0.30409860295930313,0.7091903150779254,0.25207927456989,0.6528947992132913
0.5426751460377154,0.6355620875297362,0.9761867082862244,0.16889645210532614,0.991035261956497,0.46373023278892667,0.20502034884884035,0.29038012889007014,0.1897717744202731
0.9231776081936416,0.6438327575725422,0.12307200902371675,0.5123494158152563,0.118026753558457,0.9708107306026389,0.598822030018086,0.5496114703797683,0.2424445718739937
0.5584225769183959,0.8365081372623767,0.6292779273550504,0.8582263464165591,0.2546315092694123,0.9714637984253418,0.3285962928073587,0.5538640965602764,0.7561357301141507
0.4716072475286048,0.91715772932082,0.19889968684272596,0.8340120017560845,0.5623973001257889,0.5995481989077234,0.887991047622123,0.6246677747951083,0.044448064379375166
0.6790162148856109,0.17844850206318036,0.2958867649820122,0.2931298438291452,0.14584381534576066,0.7469396691301831,0.7145605007789372,0.26888069625126176,0.9953622929070017
0.8803583888310842,0.32149686128387,0.0422792292887101,0.17906396799173105,0.33866874535919134,0.8425438065354214,0.4991815933039708,0.3849326970090977,0.8480565432309413
0.012911802627377475,0.08255569668108349,0.06187255772806682,0.7175590311582496,0.5470889772058507,0.3683037852567096,0.01688922846627837,0.035205168406596196,0.7683901808018558
0.42429187354002307,0.2394964256964429,0.19134544682914767,0.08035035002275279,0.5358014350460716,0.2969586883142356,0.9880032038630924,0.6854101317550877,0.08281198320195989
0.5978350216373499,0.12865880065532284,0.3729613391103016,0.7537519591134152,0.8588567102140388,0.19568065497815815,0.9601812613159189,0.17658364478631658,0.6054449771545012
0.09995193868466284,0.31762637584723763,0.8290085538306792,0.3998501603914977,0.11281891019422616,0.7820639388082293,0.030613802610382476,0.8519279567958647,0.9120610863755496
0.489801889465225,0.3211734889427737,0.21354857892014803,0.5921256169080521,0.6319672291441759,0.6159506128859364,0.49239385065488384,0.42652486294187864,0.654073165006446
0.2135392420980684,0.36551508115638337,0.044909732052080806,0.9632317880615435,0.686083133392906,0.10674225428701434,0.7125685809514882,0.3173546281148171,0.8299192133110526
0.6719822439345244,0.04536077802750697,0.45146994355724673,0.8405699048259577,0.6164204540489407,0.7384314237682003,0.6081009817650018,0.8931575836734869,0.7865532039471251
0.6403065169502549,0.32701067251320476,0.8984539505017011,0.5042650571267115,0.778977218346482,0.7824085093191108,0.7302953065181894,0.5755951188550422,0.5982599336142359
0.23780371061687605,0.3317389301415999,0.9399928928318593,0.6949344225837709,0.9945109181080103,0.8251168924805545,0.66203816098125,0.22725417940300685,0.5556504314443412
0.35556412833852147,0.2596638219478689,0.41189170898492394,0.7316091257220129,0.5281135836454798,0.03725837164530777,0.11233957802515879,0.9811896851122656,0.7930446352406282
0.8671827327048341,0.1210992297034057,0.44308120065000844,0.8123931966623538,0.16530771398796112,0.1297264618141882,0.5867921203844388,0.7628527404331307,0.5047003945013704
0.6047665873655605,0.6900722613903046,0.48185584147011007,0.8463413168414184,0.7926583064567426,0.8892532082497321,0.12555962534304532,0.9646241738522457,0.14805297314802088
0.12349117073406801,0.08761162929869214,0.28166871850687264,0.2656020956113356,0.20177567880116273,0.6130269769097175,0.7710016679031793,0.9751128846792222,0.07598497306764794
0.5248329387684681,0.12486226422946681,0.9298460529073203,0.9382403417264817,0.36942850915879,0.5817481904391899,0.1654660344734631,0.25656531173430885,0.14280275206637377
0.9731810672367266,0.1516222609499338,0.046526015644506355,0.7530859509516685,0.7435472255007369,0.7124853864700339,0.4634318408633499,0.35448876291753423,0.5029299171136222
0.6855849202661457,0.8953722416512623,0.9188477801232361,0.7389886300217473,0.9106414130159328,0.6665342238419333,0.9205010861459282,0.9268196625475636,0.7739103831221641
0.8729513978771798,0.007936188537911566,0.8562996170471584,0.3419959757667795,0.2617719202013789,0.49871872166298287,0.10547927477479878,0.7742424111915734,0.9413731848422836
0.7922640770045459,0.3833430857562149,0.8585004699110321,0.6573602973264469,0.5992837208595907,0.004064154200404964,0.43364706694001637,0.9310890668816522,0.7670334434108366
0.40500630231643314,0.7454352258663782,0.6909315324839014,0.22560253030413263,0.1992677731740632,0.1464101192047922,0.15344146119777152,0.7148063886567734,0.3150798217013963
0.19612406334585747,0.30363703968267525,0.18474098165497815,0.01840766771004032,0.3418054372215839,0.22298743970437046,0.4065725285463175,0.5049523772075444,0.6172216882051152
0.0845043470264541,0.9872585191138702,0.7769293930650453,0.06819000335927684,0.9994881412507141,0.5696438616105945,0.2900111970624132,0.19274519366972606,0.29985538510539356
0.8696975552037248,0.8860561328998688,0.8695977864864434,0.41320226641380714,0.7536363975329795,0.9042245549212695,0.6535208785477324,0.0812901776095239,0.21455238028877383
0.9082958305100329,0.0005194858867931314,0.09719292274598601,0.4385518032594889,0.28065025521370657,0.33049770077373913,0.19277465763875676,0.7266828682640741,0.6804345977745009
0.24731518885293882,0.9658830866093766,0.81989168022115,0.25923892305193363,0.7193946014550673,0.6005955743666632,0.9848954903531563,0.35190335069769696,0.7055608017984526
0.0439232216875999,0.23194312108819595,0.5989332181461373,0.7356441641017617,0.0013768538961925183,0.2447574000957028,0.5070479217529926,0.13983253366248713,0.17121636788759045
0.5168398713966208,0.06984365989962249,0.9268999950607995,0.36856112905588606,0.6595868779918752,0.6553297512042959,0.5507725869177276,0.43029018217847514,0.6609672123500575
0.5362379748359368,0.4149029602323339,0.02044571924096599,0.09396800189729758,0.6075715469191905,0.38239418944749476,0.40201927368688656,0.008902097412416047,0.8697304321095509
0.1265715047302696,0.9776679188310975,0.8774882727273549,0.8181974608758957,0.706938047687908,0.5439789990149864,0.8992301704824107,0.7542270677844289,0.9466066521906294
0.8515976253654435,0.5983373308091258,0.6134516628352501,0.6912615656542143,0.07177069564782561,0.4573708319454995,0.7190376748583863,0.6504017038153372,0.16180392782144523
0.39362598919548514,0.6752988675320513,0.4988520617187335,0.528065338621143,0.44840465588269696,0.13736687469685147,0.8768490150687175,0.390148665009212,0.9003962066315573
0.4434111423158706,0.6276789626425539,0.22806531117695877,0.5021338203049173,0.4721888120470107,0.9150043335418745,0.812221397459594,0.9427017367874198,0.8120206068027104
0.07926049335753635,0.5112380075076793,0.6955039660831417,0.21263725193364572,0.8906727948927594,0.15513912211823547,0.23852010337088944,0.6335013063597673,0.441558617560579
0.2321410166796251,0.7322284062878535,0.6803393528699822,0.13839394148741996,0.9206498765408032,0.5243492299077054,0.9766303070821374,0.33487091286495635,0.03088496778525348
0.5444910511285163,0.15681701837882858,0.32674275267262026,0.3823533965376104,0.8162371012428878,0.16091360524149756,0.8502553456326248,0.2744262388528956,0.8461619323018003
0.9629544144986358,0.8569250455377913,0.5886157028220582,0.9041976216773243,0.44283590267320627,0.5358921844500664,0.31940457627276675,0.8614455515160467,0.5860650956084325
0.99383641409382,0.2875922275236376,0.8386653973273457,0.051864707543447575,0.4552934446476689,0.5881363149749674,0.874477020005766,0.011499695969569401,0.7206750854862511
0.28136917764393604,0.5775819164792609,0.3392157426000764,0.20470979517012422,0.4355686113006849,0.34948836430986674,0.9299450845642241,0.9180414362475487,0.6200079887911427
0.3760567271046836,0.5421806903346726,0.9914869577671642,0.8842125428079547,0.8732038524063398,0.3370608333912208,0.46914284692301045,0.15937038289343436,0.15195598828773377
0.987266325810158,0.18937196982006682,0.9248129150996436,0.40276421507920024,0.7473976025522544,0.16962829848688213,0.312575629023525,0.6766914931172785,0.07280182590118149
0.6681127624800504,0.9947792560399602,0.1268459329740502,0.9485130117442868,0.46807567510938014,0.6309394741260547,0.5622343428048353,0.8414730890494463,0.8817548006005688
0.8184014914828536,0.5046327566119783,0.33039458080808753,0.574024086733294,0.23127577457948223,0.09335286019936213,0.25760398977374716,0.14829560340233905,0.877200730137521
0.6978157297403875,0.7250416458329206,0.6334496873521269,0.6138217961433838,0.18948758619873754,0.11741813520019269,0.529055510189772,0.38051959741911906,0.8428434090496999
0.5333250005115365,0.1419327155896296,0.8272427170824024,0.12016726090739333,0.5781312815511589,0.5100216985044287,0.19418860031584995,0.6382565385842794,0.4843965249076591
0.7531667968333873,0.37330154804009347,0.06601074104442813,0.001290470620899298,0.29719562577232805,0.026854866521153892,0.004555377349402902,0.8471152987937719,0.8660055578439697
0.6378012994733947,0.8738568873852645,0.46651410673086546,0.5400308839045402,0.0967222743322825,0.8622763565264091,0.4788975553895102,0.8210381103832481,0.02655579400488166
0.49853076059865686,0.5439636205110977,0.5456343832630489,0.14484630780840663,0.3308817110196738,0.6383433462603971,0.6411484611965371,0.026227096149770104,0.8371145730989373
0.03140311033866938,0.8698776553391919,0.8173964462163246,0.23055104710837732,0.6801300538530463,0.9755243695527824,0.18340724521165466,0.20619675274519975,0.4871267309622307
0.9785800968128118,0.7477118633678069,0.5250694241022643,0.5809256796546902,0.7653855004265037,0.4781918260597834,0.35230937220154224,0.24336840230984164,0.6022559628645759
0.31154471202540523,0.22011746954405048,0.9951534352890493,0.5440663137390147,0.8792587902462793,0.84444351702592,0.5014181366156357,0.2123121771640262,0.28341402502958063
0.15011820716028165,0.8917802739618554,0.22452869312293594,0.2466698039686267,0.23972784168733108,0.7103942082999233,0.4550264781768334,0.4896206432429815,0.205864047417713
0.5270762042216623,0.795421114880668,0.28328561326011387,0.6047805720164178,0.9844780831013885,0.3204193977143288,0.346548995811277,0.6114667035111448,0.9074835041602026
0.22255196743917163,0.10357798007471058,0.8002815582974047,0.917886486932242,0.5042805878311141,0.03998492842194803,0.12147328689602845,0.7910868631843234,0.7613949062955592
0.744623077379739,0.02506248734979313,0.34592385515355717,0.7227461353736792,0.0706859177060499,0.571677680944741,0.5171359189169618,0.507682317696477,0.5072873263052954
0.04057649410775515,0.33578759875879405,0.6824073850353819,0.7707254734395227,0.22779537868931096,0.3571861827758726,0.36878126365067815,0.4124242751210851,0.6856151044768571
0.9761046108336529,0.7828220479202084,0.6387336920325483,0.39253259189782336,0.5572936208452206,0.3863871656109524,0.2765399988876551,0.0017428587990070948,0.3141078976015058
0.41364246536276467,0.569592021035924,0.66071099931278,0.25252237294372415,0.3558742823210572,0.5928646078977649,0.8313718985071556,0.22260563052875001,0.5115572800789846
0.07801640168388002,0.7316196355697905,0.38560864040948606,0.5368701916058993,0.6049531677816822,0.0683754922293425,0.577351439575215,0.656730699261185,0.4374244865995118
0.4570328464735475,0.2986247830243345,0.6224680293669502,0.6558905967287297,0.7115818514729105,0.8935860995058823,0.8431730772630293,0.7601108188198433,0.7501582854426325
0.5946460818113087,0.21267139611215688,0.6755795024304371,0.05586468680267299,0.13569838335269327,0.8235098077095756,0.5437592006387459,0.4610160709145477,0.8260071557226467
0.17714721372324851,0.8307698095479431,0.1327241638938863,0.8149010876857837,0.9551814004864928,0.5545663255720203,0.4095185813427771,0.20108389054423664,0.4033732306199184
0.6655720618748372,0.5588343527990838,0.43387689749985275,0.4673132634862642,0.3853304970486441,0.5143838121827685,0.5245911369518731,0.13413627333253356,0.3775453077412417
0.38297574653322297,0.03422265038312793,0.56853508231329,0.7657606582480148,0.818659916725841,0.24777813718582894,0.9972529777821273,0.9711841836166829,0.4912440679261971
0.401275508601591,0.672836897614498,0.20521731197282198,0.23642157490564855,0.8330386349328177,0.3776961571590018,0.3443913494700575,0.36829399270335594,0.6579344961591072
0.9361739713228682,0.6126359330678854,0.29918095162747077,0.5540802622433122,0.6129579992156687,0.8837053834243308,0.90243766028414,0.2852719795115046,0.3549279323144352
0.15793112774687698,0.05890372862477677,0.6279541276102577,0.3035325042807832,0.1741512983029064,0.6905129730624378,0.632677813122914,0.7933716759768696,0.45306790648197054
0.7378719016849905,0.38759022172625257,0.058511839935516646,0.1859566752819735,0.5162719017582852,0.6815509501639335,0.5645863716365176,0.8130903402370004,0.6444217024420416
0.9326799948392764,0.19499725237304785,0.7051474957533992,0.4543014335761867,0.2845522106126716,0.7327207263659747,0.6187408582718447,0.5589846859776354,0.7586785084434283
0.7038559776743423,0.5105218832606724,0.7740553639250402,0.021786112842907226,0.8655597418521652,0.5043337944816195,0.6931329351885929,0.8168777284545952,0.6755859501357478
0.08660783879740244,0.2790970971110283,0.14072425043165607,0.5650060675534779,0.0818692557479792,0.7170773738710545,0.7393742187928789,0.9954946063028832,0.7387348358833067
0.3046826769902139,0.5641837957507119,0.9486613076435462,0.49752692940472143,0.9428451876184071,0.21734116947626536,0.17860501650821126,0.4999370009675464,0.4298280436568829
0.11217411597675303,0.14736866693970294,0.013473963101333664,0.3240372764960244,0.011979294123612459,0.16532065772524282,0.3964755097641856,0.614785808478878,0.8038496116392198
0.4170018826247646,0.015112472035805178,0.7947650793363848,0.3331980322807053,0.7975413858919084,0.17470647481364893,0.48827176506990777,0.45730012384716856,0.19650834352740085
0.4810895712280149,0.17154460593710472,0.2714457878820986,0.08378668735411024,0.9051767577823763,0.5276895955037091,0.9791564146096724,0.9054451249458333,0.0382518780241592
0.7269608036146767,0.5219949917110259,0.5154172599306456,0.6489547295322031,0.7739740508831119,0.500479817070153,0.28305105915289114,0.1286692715285447,0.6487304843977111
0.002340801186709369,0.8571754464548761,0.11956065577808907,0.8927681268321799,0.23512626679303747,0.8470870151742227,0.4728789489989326,0.04268368083794956,0.1776203105402733
0.5540189135094632,0.3525729091516757,0.02636971886422276,0.3367105084946873,0.60058083427435,0.810091054652427,0.13064595800672524,0.1259797343471919,0.39831225617671917
0.43960953511018425,0.05010795900872305,0.2604255736876327,0.4453745827562748,0.4517220149273871,0.2781075434863928,0.8792328783603827,0.3379398663572811,0.6267124597173287
0.027108532905645598,0.7608772808993096,0.5410563225473758,0.08786356146734355,0.6726075955932731,0.5183298162461067,0.053685341145601945,0.4815363512371176,0.3356506164310993
0.16276526255341417,0.8978943497534656,0.05070007503209894,0.8513878970460217,0.9266933653886329,0.6198539668087979,0.6014520330759061,0.8966476411956993,0.536405784489108
0.7544564953924414,0.4237600803736055,0.6653837402109659,0.12583357567589304,0.21715214144858686,0.4057479684063625,0.6745168730241139,0.19403101894066296,0.42050096658302416
0.9019751493182145,0.5943310525366422,0.31301343006296106,0.03274256021524513,0.877054859696609,0.28502908472797955,0.8181793326292399,0.8002494974530903,0.2103769509672712
0.8247495470346035,0.23379287237184265,0.2920362619913531,0.35762610162039626,0.8549633753946917,0.6842485380058582,0.5694816575132456,0.30425758252133345,0.4050782586602117
0.016637037052103728,0.4513289330455848,0.979492979367405,0.6741945761573804,0.033732144115559935,0.5497873562546357,0.11441492222690633,0.7015872898299103,0.0025524812261295596
0.3413944629704665,0.609872351875987,0.09558353064920844,0.25421779452260906,0.48776686032295663,0.7931844866042796,0.5073632439683469,0.5623827183961196,0.8239717742417626
0.5647175454433206,0.4609598249288418,0.5029899647974845,0.5296739822426266,0.5947444455546401,0.8061476346564614,0.0650634281561342,0.5836446319732299,0.3486509790020102
0.2896000328049328,0.833272265706192,0.03413753991102178,0.6647702534956456,0.6657921336100345,0.06219518155991219,0.7732810309356538,0.5218714264728261,0.39526043489468576
0.6754821177220408,0.3787307948786503,0.9007234213408962,0.2997766945279482,0.6488508709914134,0.2426781253537114,0.8899122476823843,0.891581663980073,0.41426583256512167
0.8584951010620601,0.13677993677087488,0.6737017143554248,0.453203151320479,0.41848187457125746,0.5852015913415548,0.6119392882355222,0.06085707703230428,0.25804439351633107
0.467075323869385,0.04174216110708063,0.5249198644476218,0.6359973269097596,0.3141057766091998,0.4305032145323412,0.4647483223180446,0.7521328364590952,0.006336292439158267
0.6162674063632453,0.18611948109206503,0.2437145894275415,0.7066773378258842,0.08615063913917646,0.7554465987674379,0.027746075101704834,0.21513466944751097,0.2136675596357695
0.2502725217241691,0.5316676624370998,0.7805559165652548,0.5346863603636409,0.05491571255098635,0.06675857798616243,0.18589500990524713,0.8810243642162088,0.05102092533660742
0.07137323481957314,0.09266723281752938,0.03580379967527206,0.06535786402907358,0.8497663284147353,0.7283175043007073,0.7869424868959196,0.6454964021330667,0.5713731212716078
0.632435419235125,0.0211889593295816,0.8931936451394404,0.11740324130145047,0.9391918306695559,0.07648787380530746,0.09209173783688483,0.6062132403158671,0.26952148901546696
0.6212405785343149,0.9137552920485651,0.2358399343442576,0.4399898903588459,0.8086516546573959,0.4255262297066281,0.7434227702105916,0.0874391797123936,0.7447329680254031
0.9976046669433993,0.637247410431105,0.7838609354344428,0.7422948698948508,0.5033800940992867,0.024020321571092115,0.2879176503232378,0.15057412443683282,0.9172706303235567
0.055433373506686534,0.4034579240052281,0.9065657530497984,0.483794927095295,0.8697577659897018,0.9310311359088522,0.022750847892048443,0.4409996606860013,0.16041301095987232
0.7013134073712405,0.8190010129536865,0.2520694736815245,0.9291090531866434,0.15481729008811168,0.5337847150438049,0.44269653481812693,0.8584949815352049,0.5340667245644917
0.05807088419134082,0.94450803898847,0.7881198353877222,0.8950895637008127,0.9660043465391104,0.10887991616183446,0.3571361472136855,0.9379429023023783,0.6686726149647032
0.6142171032062168,0.5523646386952366,0.39693045527302107,0.8658204198083915,0.6397185821394827,0.9622054923439198,0.14937821051198566,0.23669737391652906,0.9366595206308195
0.2775673938801604,0.31033905941473205,0.7601928404648407,0.14242292345730137,0.17767625176506047,0.32292398316600224,0.3143212327721725,0.2632574023799042,0.09314184934795958
0.27280417565151766,0.180466658115571,0.19600344460262398,0.9112372803369813,0.9637808863304784,0.4802250600795292,0.557005713409763,0.33181605556517696,0.8862321806198239
0.3893453326414014,0.09467344466840145,0.5193694766133502,0.12187111752988963,0.3632872617491583,0.1214644592412795,0.6390663932080004,0.3129631301171014,0.13872132977468352
0.16471729655446748,0.2754246972744303,0.9574083973970849,0.3725689301947029,0.6932563172432566,0.05959240779944249,0.9359998044182939,0.4507051407814297,0.018381978319711424
0.5790658550888981,0.441885037275826,0.36314676809240826,0.7584183575035627,0.5084411935293822,0.9948015530911722,0.8589122902561623,0.16304636495277572,0.6718566994851696
0.2884839366216175,0.02148474265312368,0.24072816277133208,0.9837696411609653,0.6504612352121486,0.9407505631141527,0.9508507195243667,0.7804465826271718,0.575495217264332
0.17371979374084806,0.1348947257454656,0.3663764058198038,0.4591831374441433,0.007202152320233171,0.14671292239192452,0.6154211742365397,0.03183347368653398,0.38280365018360046
0.07246254421162987,0.06596123667373675,0.9639891736308737,0.6885037077550363,0.24975366940661736,0.9495450796405296,0.6683312480186101,0.98623030551972,0.6128318295454914
0.018467505609930216,0.776791884024617,0.6090209026589036,0.22086719033548893,0.5889135322673646,0.8031002415151448,0.8245147628887574,0.8304435678061014,0.3054344261635332
0.2690274528446888,0.6512658523347714,0.3899219817899164,0.28373606320795847,0.8035241737254617,0.45636560691248923,0.4222981224229611,0.6593982585592563,0.0600946006203337
0.4598919981680044,0.35887174847474745,0.2635198184350954,0.6187132836648734,0.37281157210296917,0.9571329245677299,0.8483129368975365,0.6659547952082828,0.021436780324600627
0.8160600098272774,0.26708577122141985,0.5616154188427835,0.8558697738860707,0.4265038696298481,0.5652660383344518,0.9452387815581975,0.2653954223678422,0.925282899251456
0.6564849163782603,0.2706274870513367,0.4545750341566059,0.4954805451524867,0.5899949142409439,0.7710152180655799,0.7838306415454667,0.7863643007740954,0.18714745333502342
0.9504602282143899,0.07145587177822936,0.7329790627103626,0.17748547246128163,0.026852556751411846,0.03423390347875761,0.08704773175342938,0.9593128284940404,0.9995554247678092
0.8417824211860104,0.4125988290845487,0.9861828115180946,0.03584612193030506,0.7229669907477797,0.6937018564988114,0.6292013396340174,0.5713504387571295,0.03296762761317529
0.03456908308488248,0.25419721605881834,0.5100965140607968,0.7004322619668001,0.02957016090191721,0.13299688361521775,0.6217929534852462,0.6706448354361013,0.05560702877109839
0.2150743234671355,0.3779227596939664,0.08260523558003038,0.6154900445352617,0.8058975133010124,0.6478750830795037,0.5469703855993066,0.9461582227456783,0.8195657467051357
0.33293699780202785,0.2962669717761645,0.2663146178747181,0.8798800865861205,0.5185487552567587,0.2715024855293322,0.6461701639699629,0.3748713139563062,0.28571833087850174
0.476597389145793,0.43393774515843303,0.27656678794839484,0.3505294961291945,0.10291789686124386,0.6771946768167457,0.25320689426264037,0.9334174665088377,0.228920298326269
0.7627227390415986,0.8079250364493669,0.7702859735792651,0.7631273289182811,0.7028621831231712,0.4378733574436336,0.7254262688641434,0.6968974089590895,0.6653731775086043
0.22643690349865578,0.22706127690920672,0.7614250904430004,0.4755465649718236,0.212011311099804,0.6464161372664934,0.9647540458820987,0.5362317644081447,0.7427656882693076
0.6523419277933045,0.502275154877117,0.378363751322864,0.9963117576285322,0.39573726916081514,0.7425628330624431,0.7508648842183638,0.17002797490327975,0.2025649122009209
0.18531414550650946,0.6205502482488051,0.8120992746878587,0.3869535431104809,0.33352872707054765,0.8137651303476501,0.03281365179337922,0.3442628755331521,0.9233465965845976
0.836812634677803,0.23868909430144702,0.2700453411481515,0.13173758531304616,0.3905895649413214,0.48661365232960085,0.7607633210073685,0.1128190922392339,0.8962437623163413
0.7938091296655154,0.6863458729817966,0.7476014523817172,0.48023513790064726,0.8968056304100122,0.38170079882914265,0.9696498113515729,0.885106357904283,0.3002945199627449
0.3086955237401367,0.16679301055236445,0.7274589185685069,0.4198520931535064,0.784365960715519,0.15177917227790577,0.9164080412198841,0.8041788909974643,0.29556999629179875
0.9569194310802126,0.5835477625458978,0.5047959954547775,0.5942332076794657,0.7149763246924189,0.4355682372689376,0.34213156968169056,0.05783097366454892,0.7267172002205671
0.5309586831265531,0.9705127374639866,0.48625133207712123,0.04998009809435485,0.41241031654132976,0.9985857590031515,0.05899279966483497,0.6312333067013698,0.2548699800419681
0.9042049290415431,0.35384349793171216,0.3863831336458551,0.7773602918672652,0.6204941447846297,0.7986213396001386,0.38319244455792784,0.3769077238726504,0.46099449381242846
0.8130937178574272,0.7016373998824038,0.17102383536750154,0.8712836795061363,0.26814835658838154,0.05617110890325838,0.29652967815006326,0.349418203891993,0.07063159579779392
0.2460615468169079,0.7818605100743156,0.5519065366836957,0.7859855906690028,0.46007065860260654,0.48348023270201235,0.3754196793828727,0.02065168416582767,0.38759371796850467
0.8060740181012744,0.49970708904195105,0.6553305918663737,0.957969792818941,0.35848838543455014,0.2713215241289265,0.5797446456194343,0.11624893668489814,0.3698019686960758
0.04879389692290082,0.9609043290163434,0.36997952229834913,0.5752441517884332,0.1511847578387082,0.34219650437600435,0.2801976859011128,0.2774687891468569,0.46887232413363755
0.7089369418782469,0.36169474055537837,0.41456152874865304,0.4740438388552796,0.27841531156326443,0.9265275612800487,0.8105466757441654,0.45625105598139387,0.7118182465760923
0.3795996414055292,0.6986865229861408,0.4744028898793981,0.2884274980172243,0.8876585277340208,0.6633206714990441,0.972791900927005,0.41818631864723066,0.4150403073470155
0.8442192728216735,0.7902472341744214,0.14997994374113557,0.5089276328721003,0.3040125456254224,0.08308344998672548,0.7392239374679425,0.6208164096653702,0.4088792594367244
0.5477745833710962,0.7544380890005389,0.40678097975353744,0.41602371074687305,0.5712475913138725,0.9597848171725808,0.9555832455119501,0.8098530897302975,0.9759247756972552
0.7175401939770572,0.21509250090870236,0.6476511031056418,0.5972217483148363,0.24326222677975995,0.9827832308265183,0.03582764048790421,0.4339676879525753,0.12283308483093655
0.4182486061229924,0.19805815252943476,0.22127614569924242,0.6821099696186872,0.49089900443597534,0.18340564079396884,0.08403813558664608,0.2356439414248689,0.4340267552031687
0.3999103878507343,0.984085030916859,0.6015309409383426,0.3660833873584552,0.048890650117557125,0.6979037290061989,0.48472300313420325,0.2960129866462992,0.6887528872980456
0.090678654012948,0.8164980290044173,0.462717810261949,0.9921889082715886,0.37712350965826247,0.08781969445421589,0.5121825279790044,0.7225827438277581,0.13081153788862157
0.916266269765003,0.3025434760099892,0.4276429919755559,0.3115882619704142,0.3868030582676576,0.9662631094858755,0.8282553682720675,0.4036379135813165,0.3726818142596295
0.6943463560119325,0.4212468019651706,0.7428160420343759,0.7437617662426367,0.7891953102379632,0.705554360918466,0.5332360466914319,0.5505459162197425,0.8906307479270215
0.30189028813476815,0.20694351598074734,0.7035020910199232,0.2234387321905515,0.6462673763991844,0.051526623918081466,0.9913858776553784,0.09759134950007767,0.5269876003190871
0.3713051092478661,0.5489707698829343,0.5139744558065724,0.325876506767321,0.7617057572386403,0.19739099059498338,0.17311975237399085,0.39791189831427703,0.8006163344885222
0.6448271124560944,0.8223129099755546,0.5949563900812898,0.5464595815026034,0.0037943313733038173,0.7868420158226558,0.4362490521693157,0.05297210923135915,0.7340579463047576
0.40932963261429706,0.48156166421039315,0.6172719733281135,0.8622757106555969,0.9217486740094114,0.4491560409747821,0.9083070236860942,0.38886000268168114,0.7236692637792549
0.3605047440232264,0.9026084013692867,0.48547760383752714,0.6839024201953029,0.9816292196613043,0.3171343398995571,0.7923348123270597,0.695544236352547,0.973944395543549
0.7128634808835137,0.7101717814364533,0.17696109786374215,0.27066317616698027,0.2935148435904041,0.5109654270519793,0.66454971027843,0.156250550703652,0.38016460182445533
0.5840893262105025,0.24834064197651942,0.790533673774905,0.42982819420747753,0.05107790517497777,0.25087223261364794,0.8949764944595671,0.5723546726315794,0.4569155148431434
0.5115052857862371,0.9425765630558322,0.42236787205596543,0.807864015998619,0.18054682154918672,0.3677042358615239,0.21306191111251088,0.04359289361280719,0.4952339806828722
0.3875387282779612,0.9978901952354151,0.8891291623601922,0.09022678411034071,0.2531036964558028,0.4115425020327894,0.139412370367,0.9927185889417024,0.778479608732764
0.7466543122488745,0.25001764041776886,0.7316751225195244,0.8764374418678302,0.3452503679093039,0.11105565451654288,0.11888313610003917,0.5284040761568052,0.24939477939440013
0.03820022675101132,0.9270092003164212,0.4750204645650199,0.9021489633867957,0.09328094353098282,0.7591522005850551,0.8391450777678054,0.901385350963057,0.24517039989146763
0.4861165276938992,0.760355809137611,0.9371701560151344,0.47137664121779216,0.14662054275588696,0.951906395521435,0.6483591723525051,0.6917329085806457,0.8164200126884448
0.989870084782308,0.9353015159518464,0.9081895984431255,0.21549672818227664,0.12726455105360082,0.42447999026569744,0.09888523617888534,0.08317374286360274,0.7100941040787679
0.34725208527555035,0.4055437563846132,0.3183651977802924,0.013203136981206943,0.7697704105122664,0.2287567457779955,0.03994854366328065,0.23113570991107316,0.6982872949280631
0.2937380186085442,0.953975804519781,0.5536678074551384,0.5709438735216192,0.8622233519424882,0.7504350153348687,0.07988008114789091,0.9553245184828218,0.4457706684250047
0.912923080835884,0.44641687779697947,0.44149207722735356,0.8368559534973747,0.9779090625175538,0.0494990930513978,0.9641358260515505,0.28608862055275375,0.12792036280429397
0.1480865076101382,0.1700284629124218,0.01641077869319079,0.8226292944781921,0.5234041105898053,0.009303896184002267,0.3372027474084448,0.8451992227018499,0.6936963852298187
0.3310788301645209,0.6469210688454391,0.8326178452420813,0.5834023869149093,0.6540090007423212,0.7667736409605251,0.757555952609449,0.3240300644136989,0.8333933193608251
0.11989194024201558,0.2224479939152758,0.7448815172532623,0.3807307534809454,0.47641741428128426,0.2076575784545463,0.06341492669853001,0.5340671695139416,0.25337866253004876
0.2845566242795413,0.3689479263129606,0.6429549671460535,0.9463732504931267,0.7780267697301524,0.7774347953576453,0.8548281349731457,0.741528006889596,0.6288627879702481
0.3608780326645655,0.9211220136016083,0.6404866000422568,0.16462219494594876,0.9314583196389894,0.9376178454380059,0.6874649500523596,0.17161466073876064,0.11474931692603448
0.8298254669269909,0.487659179016966,0.028756207101688355,0.6085197760060836,0.6285546271199235,0.7626374885615173,0.0033503208581243107,0.06705026031332349,0.19330128551774248
0.20360178675623594,0.11630902391445687,0.9971569773360912,0.8863058649994989,0.6821550975179234,0.22804160685647257,0.22822840250606966,0.5910968942217015,0.4470642267309362
0.9400115872687461,0.6002551191899218,0.23527400575158094,0.6970398772843831,0.7600404506723211,0.332491599617548,0.20832686323511382,0.13798758050476012,0.49788763656612794
0.9655642134645923,0.07783599648594343,0.10185081940558294,0.15240326488614384,0.8442350395754139,0.4409879262994155,0.3933305434099442,0.11012353306119695,0.5218992962442295
0.24010935999085842,0.9048037762302539,0.7518292919422297,0.017644713295783144,0.6380881566188972,0.2564695298929472,0.947726931284327,0.8222604914601255,0.9515678048972365
0.25616690349578236,0.40864763484346645,0.6517087396066277,0.9399479350756702,0.5427610268265175,0.3142581035610478,0.8053449313246529,0.10232222154508966,0.6371417750846257
0.13213882827780657,0.10206645769444582,0.6890742852326469,0.36262084010804024,0.15722463041614015,0.5637630253779554,0.8152709246948759,0.41646402114241315,0.9658819126496102
0.4385007834164677,0.03158819912459671,0.0007183379151195514,0.3314165832236287,0.9891127161863864,0.8993887490077078,0.9232951167530075,0.9162568358994089,0.9878181917753585
0.6613934924250695,0.952203800470641,0.7546235911660796,0.07716981414202481,0.7346764182075182,0.23822130299801966,0.4936587562267239,0.2208940506155787,0.10827487254519878
0.8252992762335325,0.8788293259036234,0.7643173546076762,0.11362524954806508,0.953060893138373,0.8700031280684959,0.9253939403798399,0.626444351666888,0.7291439514492803
0.8863405648352363,0.15927257038819678,0.4914078057626394,0.9534795346570003,0.7087342795676649,0.878872285784671,0.5723757807705002,0.07018598697936258,0.9800284862096929
0.4330970553821506,0.4755178047832533,0.969775393708299,0.4064483907311014,0.5555159441917537,0.8544071725477246,0.4278439916354797,0.5982021010814274,0.22437405299534452
0.1973974854442957,0.8635219952203769,0.8483743316163597,0.026869573015940094,0.4434150161356199,0.5752749267636849,0.2736778938159778,0.24828261374794103,0.464636812111707
0.2021791823414938,0.4485709036916886,0.8739879597453961,0.3165756318453631,0.20821568424397544,0.47450205038936083,0.7816560536365225,0.6094878917237422,0.016821030487314984
0.9280502728354264,0.7723699337934785,0.9334079318201555,0.802305849048158,0.13142600235696833,0.47071609039767115,0.06839439428486936,0.04673984109467459,0.3901781134446808
0.06304013769297348,0.6243025850999456,0.5797838975184016,0.5194245411374776,0.1382075732666824,0.7290654990711506,0.7335442050798265,0.5877443307733025,0.2198720835492093
0.14622383324579785,0.12639463906232865,0.5600396332579264,0.9282238743561326,0.26590359711761674,0.988033630487899,0.8396130708196978,0.3025216407145651,0.8501898416501731
0.6917591118648514,0.8252391088769625,0.0062630913460537,0.6034134455776787,0.9486309649751662,0.4202144031248143,0.5906366892097905,0.8865586450117642,0.7030109966891325
0.56926040666956,0.4953855032966038,0.323123002895114,0.5507851640245183,0.9591444121043269,0.6332200020596417,0.010490176851201065,0.3267040800008019,0.12122314273060979
0.5896119485503809,0.7696261573999149,0.6070055988769972,0.2919512086640591,0.1239573279702815,0.07167021160814468,0.20242567939419623,0.984596395540498,0.2901119625493192
0.29980267622124906,0.4856430275609877,0.14491467044755457,0.09900952735319335,0.7948096771934314,0.9238645039238293,0.3639663811465385,0.7650705034570745,0.9055654900268227
0.42613315501508625,0.012520839859038091,0.5353994393667232,0.9883045422088201,0.6351425874991261,0.9786287426146139,0.8337965878754358,0.12150407801446668,0.18529509945657205
0.1679053185380956,0.39765860498845285,0.45877554035981266,0.4259981533147684,0.018995852275552165,0.5401992460478245,0.9956740737694948,0.9225544104393032,0.7793460636606542
0.21967643909350587,0.39549728240740456,0.2302860379578775,0.24251990582024285,0.10423866059543258,0.4915495905621085,0.26932773757973655,0.5661808817144605,0.5818837192513485
0.9317732540671185,0.28355778401061327,0.9165400740738254,0.193059484545031,0.28742654550247915,0.6728837257777387,0.5251574827381662,0.8683598179362877,0.2798204205367421
0.7673163381390274,0.43604992827135636,0.4075630386678293,0.0749385168022986,0.5722387741307854,0.66895259512798,0.1606339521409947,0.30933947116433036,0.9288288167433761
0.8772691473459744,0.7197114699839079,0.33363211867154224,0.37725096728662166,0.8374551864459312,0.2059331610214733,0.7060701224596682,0.44741498681055575,0.8574640832115988
0.7861912150238926,0.605580840771752,0.20192304279117862,0.04360049426947459,0.49958223038112426,0.0319016812218863,0.9343242340869669,0.05681072221670628,0.0871130415472244
0.7332104026598932,0.5928421327479376,0.9131297280228854,0.1544738787466763,0.36435013239947983,0.18912377521706442,0.5194170508696826,0.9993817351311147,0.9914642534967953
0.7243190254998145,0.5158968351956562,0.6696547831926302,0.15881872895194096,0.26014359523254776,0.020976939460842434,0.9404372994408384,0.2984402186078993,0.9693447927059354
0.37401191200145684,0.47111343781911375,0.34831143997372205,0.9703440971947592,0.4836632605543069,0.9213127926909974,0.796216482704618,0.9113702310177222,0.10416833983340888
0.8014852273417484,0.7383581800789303,0.08056577347095857,0.7855420412353402,0.8508868943367776,0.8653907738922113,0.05142385817858806,0.02330845298008208,0.9538467432694372
0.35136414025979584,0.8655050045939489,0.114202908918108,0.7923065146985784,0.238451818137543,0.08964626396608259,0.09589732905718977,0.5022691453295688,0.5530609581432753
0.8324086125726915,0.8830809603131221,0.18203954985299442,0.9655766233350124,0.5834129135612112,0.4461954953532053,0.21717448965423397,0.3928624610285573,0.6327961603936275
0.10663389748702527,0.20322788644768983,0.4939808149204797,0.24568684745873245,0.8418686962097344,0.7247097711676643,0.4432831375856062,0.7997814711046484,0.16450191896142075
0.44948955568414717,0.5199355891437943,0.46997100058499885,0.5172487185696191,0.20611266672211428,0.4077936970458088,0.9140109416743064,0.6871451718833468,0.27547983018784655
0.918847432894817,0.8410929357542999,0.9531302486890564,0.779686116878342,0.14226575417799472,0.8165012311298026,0.24795570965871772,0.4672873971585488,0.6219935150708369
0.1086202867655351,0.8430379739189922,0.13096633511103517,0.6230297577163373,0.35273815996631896,0.6578631453968924,0.16859497884232935,0.8644258172702445,0.7998389693246003
0.6084298907581647,0.6812985817887328,0.7130483300186691,0.7107990956271356,0.42930864192047224,0.4528235026578401,0.3867591248596107,0.6033005721105111,0.8537714512500932
0.5076292486469293,0.5787317841179258,0.8805421460910218,0.3179750780077308,0.8287392718167221,0.36371174613138496,0.32489503007975246,0.7046461711238334,0.5313743571734092
0.1005341026571491,0.6557756078733669,0.7075810542309799,0.8476411965377068,0.752238382167514,0.2021508394482547,0.3331239025766705,0.4013697440412337,0.00761807259985579
0.9483756691506209,0.4914938390555596,0.7185946733003403,0.03116489775443334,0.5350644454042446,0.6525551709798733,0.04418943264498028,0.5181693904995203,0.548769135199691
0.42943413142501496,0.8488259378437403,0.9557032578012998,0.30833462412058615,0.9728411384757272,0.142314633381222,0.657352443222894,0.7461335296913105,0.6897089382140187
0.5607954573355581,0.6942727469343666,0.839813874725702,0.3941096094526803,0.730337423398051,0.21887282408647682,0.6771744905102196,0.48600223288381644,0.261184447126125
0.6863517289815948,0.5671556495263009,0.6616204251453842,0.17453115911396228,0.07743220055242167,0.1014439726990866,0.7970391851325636,0.43598438572605225,0.9832774260651328
0.7822126041383005,0.5348877307052531,0.0751170794887285,0.4612867553791293,0.46441615016872,0.17729583050906852,0.2184853834270042,0.23981540789086322,0.3427452766326823
0.18668740337115253,0.7519631963189505,0.3001930717756033,0.7208312586704924,0.16358296661615784,0.6250501121017454,0.8013824851986422,0.646800889817156,0.10092373122703793
